Gene	Weighting
ANKFN1	1
POF1B	0.891058536831605
RPL3	0.852254732305387
LRRTM4	0.844530056061827
OR8H2	0.826897737338501
GRIN3A	0.808277674405306
SCN7A	0.806544118601885
CARTPT	0.778715785704423
KBTBD12	0.772965549256256
IZUMO2	0.769406338471389
CCBE1	0.759588398314007
PFDN2	0.739405945030891
SLC18A2	0.723948263470415
SV2B	0.722229418368494
ITGA8	0.717585959973492
HOXC9	0.717177715536351
ACAA2	0.698498480229506
AMIGO2	0.689876900604891
SEMA3E	0.685552973027598
CAD	0.684141914150743
